keyword,topic,intent,priority,rule_relevance,is_long_tail,platform_sensitive,recommended_for_kuaishou,source_count,sources,seed_terms,seed_categories,best_source_rank,raw_occurrences,variants,exclude_reason
shadowrocket、使用,关联网络需求,泛需求,C,39,False,False,False,1,Bing 中文联想,shadowrocket连接不上,快手样本-跨境平台,11,1,shadowrocket、使用,
telegram.即时通讯,关联网络需求,泛需求,C,39,False,False,False,1,Bing 中文联想,telegram一直连接中,快手样本-跨境平台,10,1,telegram.即时通讯,
内网穿透tailscale,企业网络,企业办公,C,39,False,False,False,1,Bing 中文联想,内网穿透,企业办公,11,1,内网穿透 tailscale,
外网小游戏,游戏加速,游戏娱乐,C,37,True,False,False,1,Bing 中文联想,外网,快手样本-关联表达,5,1,外网小游戏,
外网新闻,关联网络需求,泛需求,C,39,False,False,False,1,Google Web 联想,外网,快手样本-关联表达,8,1,外网新闻,
外网游戏,游戏加速,游戏娱乐,C,29,False,False,False,1,Google/YouTube 联想,外网,快手样本-关联表达,8,1,外网游戏,
外网游戏平台,游戏加速,游戏娱乐,C,37,True,False,False,1,百度联想,外网,快手样本-关联表达,5,1,外网游戏平台,
外网知乎,关联网络需求,泛需求,C,39,False,False,False,1,Google Web 联想,外网,快手样本-关联表达,10,1,外网知乎,
外网禁地,关联网络需求,泛需求,C,39,False,False,False,1,Bing 中文联想,外网,快手样本-关联表达,11,1,外网禁地,
异地组网zerotier,企业网络,企业办公,C,39,False,False,False,1,Bing 中文联想,异地组网,企业办公,10,1,异地组网 zerotier,
游戏网络延迟和什么有关系吗,游戏加速,游戏娱乐,C,35,True,False,False,1,百度联想,游戏网络延迟,快手样本-游戏网络,7,1,游戏网络延迟和什么有关系吗,
游戏网络延迟图标,游戏加速,游戏娱乐,C,34,True,False,False,1,Bing 中文联想,游戏网络延迟,快手样本-游戏网络,11,1,游戏网络延迟图标,
游戏网络延迟多少算正常,游戏加速,游戏娱乐,C,38,True,False,False,1,百度联想,游戏网络延迟,快手样本-游戏网络,4,1,游戏网络延迟多少算正常,
游戏网络延迟很高,游戏加速,游戏娱乐,C,34,True,False,False,1,Bing 中文联想,游戏网络延迟,快手样本-游戏网络,12,1,游戏网络延迟很高,
游戏网络延迟怎么看,游戏加速,配置排障,C,34,True,False,False,1,百度联想,游戏网络延迟,快手样本-游戏网络,8,1,游戏网络延迟怎么看,
游戏网络延迟怎么降低,游戏加速,配置排障,C,34,True,False,False,1,Bing 中文联想,游戏网络延迟,快手样本-游戏网络,8,1,游戏网络延迟怎么降低,
游戏网络延迟抖动多少会卡,游戏加速,游戏娱乐,C,34,True,False,False,1,百度联想,游戏网络延迟,快手样本-游戏网络,10,1,游戏网络延迟抖动多少会卡,
游戏网络延迟检测,游戏加速,游戏娱乐,C,34,True,False,False,1,Bing 中文联想,游戏网络延迟,快手样本-游戏网络,10,1,游戏网络延迟检测,
游戏网络延迟测试工具,游戏加速,游戏娱乐,C,35,True,False,False,1,Bing 中文联想,游戏网络延迟,快手样本-游戏网络,7,1,游戏网络延迟测试工具,
游戏网络延迟测速,游戏加速,游戏娱乐,C,38,True,False,False,1,Bing 中文联想,游戏网络延迟,快手样本-游戏网络,4,1,游戏网络延迟测速,
游戏网络延迟监控,游戏加速,游戏娱乐,C,37,True,False,False,1,Bing 中文联想,游戏网络延迟,快手样本-游戏网络,5,1,游戏网络延迟监控,
游戏网络延迟高,游戏加速,游戏娱乐,C,34,True,False,False,1,百度联想,游戏网络延迟,快手样本-游戏网络,9,1,游戏网络延迟高,
游戏网络延迟高怎么办,游戏加速,配置排障,C,36,True,False,False,1,Bing 中文联想,游戏网络延迟,快手样本-游戏网络,6,1,游戏网络延迟高怎么办,
游戏网络延迟高是什么原因,游戏加速,科普原理,C,36,True,False,False,1,百度联想,游戏网络延迟,快手样本-游戏网络,6,1,游戏网络延迟高是什么原因,
网络延迟低但是游戏卡顿,游戏加速,游戏娱乐,C,36,True,False,False,1,Bing 中文联想,网络延迟卡顿,快手样本-网络排障,6,1,网络延迟低但是游戏卡顿,
网络延迟游戏卡顿,游戏加速,游戏娱乐,C,35,True,False,False,1,Bing 中文联想,网络延迟卡顿,快手样本-网络排障,7,1,网络延迟游戏卡顿,
锁国区域,关联网络需求,泛需求,C,39,False,False,False,1,Bing 中文联想,锁国区,快手样本-海外访问,9,1,锁国区域,
锁国区游戏,游戏加速,游戏娱乐,C,38,True,False,False,1,Bing 中文联想,锁国区,快手样本-海外访问,4,1,锁国区游戏,
锁国区游戏买了在国区能玩吗,游戏加速,游戏娱乐,C,34,True,False,False,1,百度联想,锁国区,快手样本-海外访问,10,1,锁国区游戏买了在国区能玩吗,
锁国区游戏怎么买,游戏加速,配置排障,C,38,True,False,False,1,百度联想,锁国区,快手样本-海外访问,4,1,锁国区游戏怎么买,
锁国区游戏怎么入库,游戏加速,配置排障,C,35,True,False,False,1,Bing 中文联想,锁国区,快手样本-海外访问,7,1,锁国区游戏怎么入库,
锁国区的游戏可以买key吗,游戏加速,游戏娱乐,C,36,True,False,False,1,百度联想,锁国区,快手样本-海外访问,6,1,锁国区的游戏可以买key吗,
锁国区的游戏怎么买,游戏加速,配置排障,C,36,True,False,False,1,Bing 中文联想,锁国区,快手样本-海外访问,6,1,锁国区的游戏怎么买,
锁国区的游戏有哪些,游戏加速,游戏娱乐,C,37,True,False,False,1,Bing 中文联想,锁国区,快手样本-海外访问,5,1,锁国区的游戏有哪些,
14油耗投多少钱一公里,关联网络需求,泛需求,C,10,True,False,False,1,百度联想,国际服下载加速,快手样本-游戏加速,8,1,14油耗投多少钱一公里,与VPN/跨境网络关联不足
4.6*30三角洲,关联网络需求,泛需求,C,12,True,False,False,1,Bing 中文联想,三角洲日服加速器,快手样本-游戏加速,6,1,4.6*30三角洲,与VPN/跨境网络关联不足
7.62*51 m80三角洲,关联网络需求,泛需求,C,11,True,False,False,1,Bing 中文联想,三角洲日服加速器,快手样本-游戏加速,7,1,7.62*51 m80 三角洲,与VPN/跨境网络关联不足
apex legends教学,关联网络需求,泛需求,C,17,True,False,False,1,Google/YouTube 联想,apex英雄加速器,快手样本-游戏加速,1,1,apex legends 教学,与VPN/跨境网络关联不足
c++ios加速,网络加速,泛需求,C,12,True,False,False,1,Bing 中文联想,ios加速器测评,快手样本-加速器,6,1,c++ios加速,与VPN/跨境网络关联不足
ios 16.5.1加载速度,关联网络需求,泛需求,C,10,True,False,False,1,Bing 中文联想,ios加速器测评,快手样本-加速器,11,1,ios 16.5.1 加载速度,与VPN/跨境网络关联不足
ios加速c++,网络加速,泛需求,C,10,True,False,False,1,Bing 中文联想,ios加速器测评,快手样本-加速器,9,1,ios加速c++,与VPN/跨境网络关联不足
ip检测,关联网络需求,代理与IP,C,5,False,False,False,1,百度联想,住宅ip,代理IP,10,1,ip检测,与VPN/跨境网络关联不足
sas eurobonus mastercard,关联网络需求,泛需求,C,10,True,False,False,1,Bing 中文联想,sase,企业办公,8,1,sas eurobonus mastercard,与VPN/跨境网络关联不足
sasea,企业网络,企业办公,C,10,False,False,False,1,Google/YouTube 联想,sase,企业办公,3,1,sasea,与VPN/跨境网络关联不足
sasebo,企业网络,企业办公,C,19,False,False,False,3,Bing 中文联想、Google Web 联想、Google/YouTube 联想,sase,企业办公,4,3,sasebo,与VPN/跨境网络关联不足
saseel,企业网络,企业办公,C,11,False,False,False,1,Google/YouTube 联想,sase,企业办公,2,1,saseel,与VPN/跨境网络关联不足
saseme怎么读,企业网络,企业办公,C,10,True,False,False,1,百度联想,sase,企业办公,8,1,saseme怎么读,与VPN/跨境网络关联不足
sasenhoff钢琴多少钱一台,企业网络,企业办公,C,10,True,False,False,1,百度联想,sase,企业办公,9,1,sasenhoff钢琴多少钱一台,与VPN/跨境网络关联不足
saservice,企业网络,企业办公,C,8,False,False,False,1,Google Web 联想,sase,企业办公,5,1,saservice,与VPN/跨境网络关联不足
sases,企业网络,企业办公,C,9,False,False,False,1,百度联想,sase,企业办公,4,1,sases,与VPN/跨境网络关联不足
saseul,企业网络,企业办公,C,9,False,False,False,1,Google/YouTube 联想,sase,企业办公,4,1,saseul,与VPN/跨境网络关联不足
sasew,企业网络,企业办公,C,10,False,False,False,1,百度联想,sase,企业办公,3,1,sasew,与VPN/跨境网络关联不足
sd wan interview questions and answers,关联网络需求,泛需求,C,10,True,False,False,1,Google/YouTube 联想,sd-wan,企业办公,10,1,sd wan interview questions and answers,与VPN/跨境网络关联不足
sdwan fast,关联网络需求,泛需求,C,5,False,False,False,1,Bing 中文联想,sd-wan,企业办公,11,1,sdwan fast,与VPN/跨境网络关联不足
sdwan和专线的区别,关联网络需求,科普原理,C,13,True,False,False,1,Bing 中文联想,sd-wan,企业办公,5,1,sdwan和专线的区别,与VPN/跨境网络关联不足
sdwan怎么读,关联网络需求,配置排障,C,10,True,False,False,1,百度联想,sd-wan,企业办公,10,1,sdwan怎么读,与VPN/跨境网络关联不足
sdwan技术原理,关联网络需求,科普原理,C,5,False,False,False,1,百度联想,sd-wan,企业办公,8,1,sdwan技术原理,与VPN/跨境网络关联不足
sdwan是什么,关联网络需求,科普原理,C,14,True,False,False,1,Bing 中文联想,sd-wan,企业办公,4,1,sdwan是什么,与VPN/跨境网络关联不足
sdwan网络是什么,关联网络需求,科普原理,C,12,True,False,False,1,百度联想,sd-wan,企业办公,6,1,sdwan网络是什么,与VPN/跨境网络关联不足
sdwan设备是什么,关联网络需求,科普原理,C,11,True,False,False,1,百度联想,sd-wan,企业办公,7,1,sdwan设备是什么,与VPN/跨境网络关联不足
sd网络用语的意思,关联网络需求,泛需求,C,10,True,False,False,1,百度联想,sd-wan,企业办公,9,1,sd网络用语的意思,与VPN/跨境网络关联不足
sesame,关联网络需求,泛需求,C,12,False,False,False,2,Google Web 联想、Google/YouTube 联想,sase,企业办公,6,2,sesame,与VPN/跨境网络关联不足
sesame street,关联网络需求,泛需求,C,5,False,False,False,1,Google/YouTube 联想,sase,企业办公,9,1,sesame street,与VPN/跨境网络关联不足
steam国区h游戏限制,游戏加速,游戏娱乐,C,1,True,False,False,1,Bing 中文联想,国区限制,快手样本-海外访问,7,1,steam国区h游戏限制,与VPN/跨境网络关联不足
steam国区和日区的限制,关联网络需求,泛需求,C,10,True,False,False,1,Bing 中文联想,国区限制,快手样本-海外访问,8,1,steam国区和日区的限制,与VPN/跨境网络关联不足
steam国区解锁隐藏的偏好限制,关联网络需求,泛需求,C,13,True,False,False,1,Bing 中文联想,国区限制,快手样本-海外访问,5,1,steam国区解锁隐藏的偏好限制,与VPN/跨境网络关联不足
tik tok官方网络安全,关联网络需求,泛需求,C,16,True,False,False,1,Bing 中文联想,tiktok网络环境异常,快手样本-跨境平台,2,1,tik tok 官方 网络安全,与VPN/跨境网络关联不足
tik tok无网络连接,关联网络需求,配置排障,C,17,True,False,False,1,Bing 中文联想,tiktok无网络连接,快手样本-跨境平台,1,1,tik tok无网络连接,与VPN/跨境网络关联不足
tik tok无网络连接怎么办,关联网络需求,配置排障,C,17,True,False,False,1,Bing 中文联想,tiktok无网络连接、tiktok无网络连接怎么办,二级扩展、快手样本-跨境平台,1,2,tik tok无网络连接怎么办,与VPN/跨境网络关联不足
tk直播网络,关联网络需求,泛需求,C,11,False,False,False,1,Google/YouTube 联想,跨境直播网络,跨境直播,2,1,tk直播网络,与VPN/跨境网络关联不足
一亩桃树能产多少桃胶,关联网络需求,泛需求,C,12,True,False,False,1,百度联想,国际服下载加速,快手样本-游戏加速,6,1,一亩桃树能产多少桃胶,与VPN/跨境网络关联不足
一口高压锅划拳歌视频,关联网络需求,泛需求,C,10,True,False,False,1,百度联想,国际服下载加速,快手样本-游戏加速,10,1,一口高压锅划拳歌视频,与VPN/跨境网络关联不足
三角洲.45super,关联网络需求,泛需求,C,5,False,False,False,1,Bing 中文联想,三角洲日服加速器,快手样本-游戏加速,11,1,三角洲.45super,与VPN/跨境网络关联不足
三角洲1.2m,关联网络需求,泛需求,C,10,True,False,False,1,Bing 中文联想,三角洲日服加速器,快手样本-游戏加速,10,1,三角洲1.2m,与VPN/跨境网络关联不足
三角洲1.9m,关联网络需求,泛需求,C,14,True,False,False,1,Bing 中文联想,三角洲日服加速器,快手样本-游戏加速,4,1,三角洲1.9m,与VPN/跨境网络关联不足
三角洲16-0,关联网络需求,泛需求,C,10,True,False,False,1,Bing 中文联想,三角洲日服加速器,快手样本-游戏加速,12,1,三角洲16-0,与VPN/跨境网络关联不足
三角洲19.3m,关联网络需求,泛需求,C,13,True,False,False,1,Bing 中文联想,三角洲日服加速器,快手样本-游戏加速,5,1,三角洲19.3m,与VPN/跨境网络关联不足
三角洲3*3速通,关联网络需求,泛需求,C,15,True,False,False,1,Bing 中文联想,三角洲日服加速器,快手样本-游戏加速,3,1,三角洲3*3速通,与VPN/跨境网络关联不足
三角洲4.5m,关联网络需求,泛需求,C,10,True,False,False,1,Bing 中文联想,三角洲日服加速器,快手样本-游戏加速,8,1,三角洲4.5m,与VPN/跨境网络关联不足
三角洲4.6*30,关联网络需求,泛需求,C,10,True,False,False,1,Bing 中文联想,三角洲日服加速器,快手样本-游戏加速,9,1,三角洲4.6*30,与VPN/跨境网络关联不足
中华人⺠共和国行政处罚法,关联网络需求,泛需求,C,10,True,False,False,1,Bing 中文联想,vpn行政处罚,快手样本-VPN法律,9,1,中华人⺠共和国行政处罚法,与VPN/跨境网络关联不足
中华人民共和国行政处罚法中国人大网,关联网络需求,泛需求,C,10,True,False,False,1,Bing 中文联想,vpn行政处罚,快手样本-VPN法律,8,1,中华人民共和国行政处罚法_中国人大网,与VPN/跨境网络关联不足
中国锁国,关联网络需求,泛需求,C,12,False,False,False,1,Google/YouTube 联想,锁国区,快手样本-海外访问,1,1,中国锁国,与VPN/跨境网络关联不足
为什么国外appstore用不了,关联网络需求,下载安装,C,10,True,False,False,1,百度联想,国外软件不能用,快手样本-海外访问,8,1,为什么国外appstore用不了,与VPN/跨境网络关联不足
为什么国外的软件下载不了,关联网络需求,下载安装,C,10,True,False,False,1,百度联想,国外软件不能用,快手样本-海外访问,10,1,为什么国外的软件下载不了,与VPN/跨境网络关联不足
产品商标怎么查,关联网络需求,配置排障,C,11,True,False,False,1,百度联想,国际服下载加速,快手样本-游戏加速,7,1,产品商标怎么查,与VPN/跨境网络关联不足
人体结构几何体速写,关联网络需求,泛需求,C,13,True,False,False,1,百度联想,国际服下载加速,快手样本-游戏加速,5,1,人体结构几何体速写,与VPN/跨境网络关联不足
光遇墓土城堡在哪里,关联网络需求,泛需求,C,10,True,False,False,1,百度联想,国际服下载加速,快手样本-游戏加速,9,1,光遇墓土城堡在哪里,与VPN/跨境网络关联不足
免费网络,关联网络需求,泛需求,C,17,True,False,False,1,Google/YouTube 联想,海外网络,跨境外贸,1,1,免费网络,与VPN/跨境网络关联不足
关联店铺涉嫌售假怎么解除,关联网络需求,配置排障,C,10,True,False,False,1,百度联想,多店铺防关联,跨境店群,10,1,关联店铺涉嫌售假怎么解除,与VPN/跨境网络关联不足
关联店铺违规影响别的账号吗,关联网络需求,泛需求,C,10,True,False,False,1,百度联想,多店铺防关联,跨境店群,9,1,关联店铺违规影响别的账号吗,与VPN/跨境网络关联不足
关联店铺违规怎么处理,关联网络需求,配置排障,C,14,True,False,False,1,百度联想,多店铺防关联,跨境店群,4,1,关联店铺违规怎么处理,与VPN/跨境网络关联不足
南京小学教师,关联网络需求,泛需求,C,14,True,False,False,1,百度联想,国际服下载加速,快手样本-游戏加速,4,1,南京小学教师,与VPN/跨境网络关联不足
原神国际服下载加速,网络加速,下载安装,C,17,True,False,False,1,Bing 中文联想,国际服下载加速,快手样本-游戏加速,1,1,原神国际服下载加速,与VPN/跨境网络关联不足
去国外留学国内的手机卡怎么办,关联网络需求,配置排障,C,12,True,False,False,1,百度联想,海外留学生网络卡顿,快手样本-海外访问,6,1,去国外留学国内的手机卡怎么办,与VPN/跨境网络关联不足
国内限制玩国外游戏,游戏加速,游戏娱乐,C,6,True,False,False,1,百度联想,国区限制,快手样本-海外访问,2,1,国内限制玩国外游戏,与VPN/跨境网络关联不足
国区key有风险吗,关联网络需求,泛需求,C,15,True,False,False,1,百度联想,国区限制,快手样本-海外访问,3,1,国区key有风险吗,与VPN/跨境网络关联不足
国区锁区游戏名单,游戏加速,游戏娱乐,C,0,True,False,False,1,百度联想,国区限制,快手样本-海外访问,10,1,国区锁区游戏名单,与VPN/跨境网络关联不足
国外地域限制,关联网络需求,泛需求,C,10,True,False,False,1,百度联想,国区限制,快手样本-海外访问,9,1,国外地域限制,与VPN/跨境网络关联不足
国外应用商店,关联网络需求,泛需求,C,17,True,False,False,1,Google/YouTube 联想,海外应用商店,快手样本-海外访问,1,1,国外应用商店,与VPN/跨境网络关联不足
国外机场,关联网络需求,泛需求,C,10,False,True,False,1,Google/YouTube 联想,海外专线,跨境外贸,3,1,国外机场,与VPN/跨境网络关联不足
国外用不了国内软件怎么办,关联网络需求,配置排障,C,12,True,False,False,1,百度联想,国外软件不能用,快手样本-海外访问,6,1,国外用不了国内软件怎么办,与VPN/跨境网络关联不足
国外用的app,关联网络需求,下载安装,C,5,False,False,False,1,百度联想,国外软件不能用,快手样本-海外访问,9,1,国外用的app,与VPN/跨境网络关联不足
国外留学手机怎么解决,关联网络需求,配置排障,C,10,True,False,False,1,百度联想,海外留学生网络卡顿,快手样本-海外访问,10,1,国外留学手机怎么解决,与VPN/跨境网络关联不足
国外的网站特别卡怎么办,关联网络需求,配置排障,C,10,True,False,False,1,百度联想,海外网络卡顿,快手样本-海外访问,8,1,国外的网站特别卡怎么办,与VPN/跨境网络关联不足
国外的软件用不了怎么办,关联网络需求,配置排障,C,15,True,False,False,1,百度联想,国外软件不能用,快手样本-海外访问,3,1,国外的软件用不了怎么办,与VPN/跨境网络关联不足
国外购物app,关联网络需求,下载安装,C,12,False,False,False,1,Google/YouTube 联想,海外留学生网络卡顿,快手样本-海外访问,1,1,国外购物app,与VPN/跨境网络关联不足
国际服下载app,关联网络需求,下载安装,C,16,True,False,False,1,百度联想,国际服下载加速,快手样本-游戏加速,2,1,国际服下载app,与VPN/跨境网络关联不足
国际服下载加速,网络加速,下载安装,C,18,True,False,False,1,快手视频样本词根,国际服下载加速,快手样本-游戏加速,0,1,国际服下载加速,与VPN/跨境网络关联不足
国际服下载大全,关联网络需求,下载安装,C,15,True,False,False,1,百度联想,国际服下载加速,快手样本-游戏加速,3,1,国际服下载大全,与VPN/跨境网络关联不足
国际服怎么下载,关联网络需求,配置排障,C,17,True,False,False,1,百度联想,国际服下载加速,快手样本-游戏加速,1,1,国际服怎么下载,与VPN/跨境网络关联不足
国际服限制中国玩家,关联网络需求,泛需求,C,12,True,False,False,1,百度联想,国区限制,快手样本-海外访问,6,1,国际服限制中国玩家,与VPN/跨境网络关联不足
国际版地区限制,关联网络需求,泛需求,C,17,True,False,False,1,百度联想,国区限制,快手样本-海外访问,1,1,国际版地区限制,与VPN/跨境网络关联不足
国际网络环境,关联网络需求,泛需求,C,10,True,False,False,1,百度联想,海外网络环境,二级扩展,10,1,国际网络环境,与VPN/跨境网络关联不足
地铁逃生3 . 1,关联网络需求,泛需求,C,14,True,False,False,1,Bing 中文联想,地铁逃生加速器,快手样本-游戏加速,4,1,地铁逃生3 . 1,与VPN/跨境网络关联不足
地铁逃生ch.11,关联网络需求,泛需求,C,13,True,False,False,1,Bing 中文联想,地铁逃生加速器,快手样本-游戏加速,5,1,地铁逃生 ch.11,与VPN/跨境网络关联不足
外国媒体网站,关联网络需求,泛需求,C,15,True,False,False,1,百度联想,访问外网,快手样本-关联表达,3,1,外国媒体网站,与VPN/跨境网络关联不足
外国手机,关联网络需求,下载安装,C,8,False,False,False,1,Google/YouTube 联想,海外iphone,二级扩展,5,1,外国手机,与VPN/跨境网络关联不足
外国软件在国内用不了原因,关联网络需求,下载安装,C,13,True,False,False,1,百度联想,国外软件不能用,快手样本-海外访问,5,1,外国软件在国内用不了原因,与VPN/跨境网络关联不足
大陆限制苹果手机,关联网络需求,下载安装,C,10,True,False,False,1,百度联想,国区限制,快手样本-海外访问,8,1,大陆限制苹果手机,与VPN/跨境网络关联不足
山东万事达建筑钢品股份有限公司,关联网络需求,企业办公,C,10,True,False,False,1,Bing 中文联想,sd-wan,企业办公,12,1,山东万事达建筑钢品股份有限公司,与VPN/跨境网络关联不足
店铺关联了有影响吗,关联网络需求,泛需求,C,12,True,False,False,1,百度联想,多店铺防关联,跨境店群,6,1,店铺关联了有影响吗,与VPN/跨境网络关联不足
店铺关联怎么解除,关联网络需求,配置排障,C,13,True,False,False,1,百度联想,多店铺防关联,跨境店群,5,1,店铺关联怎么解除,与VPN/跨境网络关联不足
店铺关联是什么意思,关联网络需求,科普原理,C,11,True,False,False,1,百度联想,多店铺防关联,跨境店群,7,1,店铺关联是什么意思,与VPN/跨境网络关联不足
店铺被关联会被限制搜索吗,关联网络需求,泛需求,C,10,True,False,False,1,百度联想,多店铺防关联,跨境店群,8,1,店铺被关联会被限制搜索吗,与VPN/跨境网络关联不足
怎么搭建软路由,关联网络需求,配置排障,C,16,True,False,False,1,Google/YouTube 联想,代理服务器搭建,二级扩展,2,1,怎么搭建软路由,与VPN/跨境网络关联不足
挂梯子什么意思的网络用语,关联网络需求,科普原理,C,14,True,True,False,1,Bing 中文联想,网络用语梯子,快手样本-关联表达,4,1,挂梯子什么意思的网络用语,与VPN/跨境网络关联不足
挂梯子是什么意思啊网络用语,关联网络需求,科普原理,C,10,True,True,False,1,Bing 中文联想,网络用语梯子,快手样本-关联表达,9,1,挂梯子是什么意思啊网络用语,与VPN/跨境网络关联不足
无线宽带,关联网络需求,泛需求,C,12,False,False,False,1,Google/YouTube 联想,随身无线宽带,快手样本-移动网络,1,1,无线宽带,与VPN/跨境网络关联不足
暴雪战网国际服怎么下载加速,网络加速,配置排障,C,12,True,False,False,1,Bing 中文联想,国际服下载加速,快手样本-游戏加速,6,1,暴雪战网国际服怎么下载加速,与VPN/跨境网络关联不足
梯子,关联网络需求,泛需求,C,28,False,True,False,4,Bing 中文联想、Google Web 联想、Google/YouTube 联想、快手视频样本词根,梯子,快手样本-关联表达,0,4,梯子,与VPN/跨境网络关联不足
梯子z,关联网络需求,泛需求,C,7,False,True,False,1,Google Web 联想,梯子,快手样本-关联表达,6,1,梯子z,与VPN/跨境网络关联不足
梯子下载,关联网络需求,下载安装,C,11,True,True,False,1,Bing 中文联想,梯子,快手样本-关联表达,7,1,梯子下载,与VPN/跨境网络关联不足
梯子什么意思网络用语,关联网络需求,科普原理,C,13,True,True,False,1,Bing 中文联想,网络用语梯子,快手样本-关联表达,5,1,梯子什么意思网络用语,与VPN/跨境网络关联不足
梯子免费体验,关联网络需求,泛需求,C,12,True,True,False,1,Bing 中文联想,梯子,快手样本-关联表达,6,1,梯子免费体验,与VPN/跨境网络关联不足
梯子免费加速,网络加速,泛需求,C,10,True,True,False,1,Bing 中文联想,梯子,快手样本-关联表达,10,1,梯子免费加速,与VPN/跨境网络关联不足
梯子协议,VPN协议与技术,科普原理,C,5,False,True,False,1,Google/YouTube 联想,梯子,快手样本-关联表达,9,1,梯子协议,与VPN/跨境网络关联不足
梯子品牌排行榜前十名,关联网络需求,泛需求,C,15,True,True,False,1,百度联想,梯子,快手样本-关联表达,3,1,梯子品牌排行榜前十名,与VPN/跨境网络关联不足
梯子图片,关联网络需求,泛需求,C,6,False,True,False,1,百度联想,梯子,快手样本-关联表达,7,1,梯子图片,与VPN/跨境网络关联不足
梯子安卓,关联网络需求,下载安装,C,5,False,True,False,1,Google/YouTube 联想,梯子,快手样本-关联表达,8,1,梯子安卓,与VPN/跨境网络关联不足
梯子工具,关联网络需求,泛需求,C,11,False,True,False,1,Bing 中文联想,梯子,快手样本-关联表达,2,1,梯子工具,与VPN/跨境网络关联不足
梯子排名,关联网络需求,泛需求,C,6,False,True,False,1,Google Web 联想,梯子,快手样本-关联表达,7,1,梯子排名,与VPN/跨境网络关联不足
梯子推荐,关联网络需求,选型购买,C,15,True,True,False,1,Bing 中文联想,梯子,快手样本-关联表达,3,1,梯子推荐,与VPN/跨境网络关联不足
梯子推荐github,关联网络需求,选型购买,C,10,True,True,False,1,Google Web 联想,梯子,快手样本-关联表达,9,1,梯子推荐github,与VPN/跨境网络关联不足
梯子推荐使用,关联网络需求,选型购买,C,12,True,True,False,1,百度联想,梯子,快手样本-关联表达,6,1,梯子推荐使用,与VPN/跨境网络关联不足
梯子搭建,关联网络需求,配置排障,C,16,False,True,False,2,Google Web 联想、Google/YouTube 联想,梯子,快手样本-关联表达,2,2,梯子搭建,与VPN/跨境网络关联不足
梯子教程,关联网络需求,配置排障,C,12,True,True,False,1,Google/YouTube 联想,梯子,快手样本-关联表达,6,1,梯子教程,与VPN/跨境网络关联不足
梯子是什么,关联网络需求,科普原理,C,11,True,True,False,1,Google/YouTube 联想,梯子,快手样本-关联表达,7,1,梯子是什么,与VPN/跨境网络关联不足
梯子是什么意思的网络用语,关联网络需求,科普原理,C,15,True,True,False,1,Bing 中文联想,网络用语梯子,快手样本-关联表达,3,1,梯子是什么意思的网络用语,与VPN/跨境网络关联不足
梯子是什么意思网络用语,关联网络需求,科普原理,C,16,True,True,False,1,Bing 中文联想,网络用语梯子,快手样本-关联表达,2,1,梯子是什么意思网络用语,与VPN/跨境网络关联不足
梯子是啥意思网络用语,关联网络需求,泛需求,C,12,True,True,False,1,Bing 中文联想,网络用语梯子,快手样本-关联表达,6,1,梯子是啥意思网络用语,与VPN/跨境网络关联不足
梯子机场,关联网络需求,泛需求,C,8,False,True,False,1,Google Web 联想,梯子,快手样本-关联表达,5,1,梯子机场,与VPN/跨境网络关联不足
梯子测速,关联网络需求,泛需求,C,15,False,True,False,2,Google Web 联想、Google/YouTube 联想,梯子,快手样本-关联表达,3,2,梯子测速,与VPN/跨境网络关联不足
梯子游戏,游戏加速,游戏娱乐,C,0,False,True,False,1,百度联想,梯子,快手样本-关联表达,5,1,梯子游戏,与VPN/跨境网络关联不足
梯子猫,关联网络需求,泛需求,C,9,False,True,False,1,Bing 中文联想,梯子,快手样本-关联表达,4,1,梯子猫,与VPN/跨境网络关联不足
梯子用哪个比较好,关联网络需求,泛需求,C,14,True,True,False,1,百度联想,梯子,快手样本-关联表达,4,1,梯子用哪个比较好,与VPN/跨境网络关联不足
梯子用哪个比较好境外款,关联网络需求,泛需求,C,16,True,True,False,1,百度联想,梯子,快手样本-关联表达,2,1,梯子用哪个比较好境外款,与VPN/跨境网络关联不足
梯子网络用语什么意思,关联网络需求,科普原理,C,11,True,True,False,1,Bing 中文联想,网络用语梯子,快手样本-关联表达,7,1,梯子网络用语什么意思,与VPN/跨境网络关联不足
梯子翻推荐,关联网络需求,选型购买,C,17,True,True,False,1,百度联想,梯子,快手样本-关联表达,1,1,梯子翻推荐,与VPN/跨境网络关联不足
梯子节点,关联网络需求,代理与IP,C,5,False,True,False,1,Bing 中文联想,梯子,快手样本-关联表达,11,1,梯子节点,与VPN/跨境网络关联不足
梯子软件,关联网络需求,下载安装,C,15,False,True,False,2,Google Web 联想、Google/YouTube 联想,梯子,快手样本-关联表达,3,2,梯子软件,与VPN/跨境网络关联不足
梯子软件哪个好用,关联网络需求,选型购买,C,10,True,True,False,1,Bing 中文联想,梯子,快手样本-关联表达,9,1,梯子软件哪个好用,与VPN/跨境网络关联不足
比较中国软件开发现状与国外如日本、印度指出我们的优势与需要改进的地方,关联网络需求,下载安装,C,16,True,False,False,1,Bing 中文联想,国外软件不能用,快手样本-海外访问,2,1,比较中国软件开发现状与国外如日本、印度 指出我们的优势与需要改进的地方,与VPN/跨境网络关联不足
氧化物生存岛,关联网络需求,泛需求,C,17,True,False,False,1,Google/YouTube 联想,氧化物生存岛加速器,快手样本-游戏加速,1,1,氧化物生存岛,与VPN/跨境网络关联不足
流放之路国际服下载加速,网络加速,下载安装,C,10,True,False,False,1,Bing 中文联想,国际服下载加速,快手样本-游戏加速,8,1,流放之路国际服下载加速,与VPN/跨境网络关联不足
游戏加速搭建,游戏加速,配置排障,C,7,True,False,False,1,Google/YouTube 联想,游戏加速器下载、游戏加速器推荐、联机游戏加速器,快手样本-加速器、快手样本-游戏加速,1,3,游戏加速搭建,与VPN/跨境网络关联不足
炉石传说国际服怎么下载加速,网络加速,配置排障,C,13,True,False,False,1,Bing 中文联想,国际服下载加速,快手样本-游戏加速,5,1,炉石传说国际服怎么下载加速,与VPN/跨境网络关联不足
独立ipo,关联网络需求,代理与IP,C,6,False,False,False,1,Bing 中文联想,独立ip,代理IP,7,1,独立ipo,与VPN/跨境网络关联不足
独立ipo是什么意思,关联网络需求,科普原理,C,10,True,False,False,1,百度联想,独立ip,代理IP,8,1,独立ipo是什么意思,与VPN/跨境网络关联不足
独立ipo还可以借壳吗,关联网络需求,代理与IP,C,12,True,False,False,1,百度联想,独立ip,代理IP,6,1,独立Ipo还可以借壳吗,与VPN/跨境网络关联不足
独立ipv4,关联网络需求,代理与IP,C,5,False,False,False,1,Bing 中文联想,独立ip,代理IP,11,1,独立ipv4,与VPN/跨境网络关联不足
瓦罗兰特国际服怎么下载加速,网络加速,配置排障,C,11,True,False,False,1,Bing 中文联想,国际服下载加速,快手样本-游戏加速,7,1,瓦罗兰特国际服怎么下载加速,与VPN/跨境网络关联不足
电游.cc荒野乱斗,关联网络需求,泛需求,C,13,True,False,False,1,Bing 中文联想,荒野乱斗国际服加速器,快手样本-游戏加速,5,1,电游.cc荒野乱斗,与VPN/跨境网络关联不足
电脑卡顿不流畅是什么原因,关联网络需求,下载安装,C,17,True,False,False,1,Google/YouTube 联想,加速器卡顿,快手样本-加速器,1,1,电脑卡顿不流畅是什么原因,与VPN/跨境网络关联不足
电脑游戏加速,游戏加速,下载安装,C,6,True,False,False,1,Google/YouTube 联想,电脑游戏加速器,快手样本-游戏加速,2,1,电脑游戏加速,与VPN/跨境网络关联不足
留学生回国上网,关联网络需求,泛需求,C,14,True,False,False,1,百度联想,海外留学生网络卡顿,快手样本-海外访问,4,1,留学生回国上网,与VPN/跨境网络关联不足
窃贼地精联机高延迟优化网络告别卡顿指南,关联网络需求,泛需求,C,10,True,False,False,1,Bing 中文联想,网络延迟卡顿,快手样本-网络排障,8,1,窃贼地精联机高延迟优化网络告别卡顿指南,与VPN/跨境网络关联不足
索艾森one3写给20年后的自己,关联网络需求,泛需求,C,10,True,False,False,1,Google Web 联想,sase,企业办公,10,1,索艾森one3 写给20年后的自己,与VPN/跨境网络关联不足
网络中转,关联网络需求,泛需求,C,9,False,False,False,1,Google/YouTube 联想,跨境网络,跨境外贸,4,1,网络中转,与VPN/跨境网络关联不足
网络特别卡延迟高,关联网络需求,泛需求,C,10,True,False,False,1,百度联想,网络延迟卡顿,快手样本-网络排障,8,1,网络特别卡延迟高,与VPN/跨境网络关联不足
网络环境搭建,关联网络需求,配置排障,C,15,True,False,False,1,Google/YouTube 联想,跨境电商网络环境搭建,二级扩展、快手样本-跨境电商,3,2,网络环境搭建,与VPN/跨境网络关联不足
网络用语中的梯子是什么意思,关联网络需求,科普原理,C,10,True,True,False,1,Bing 中文联想,网络用语梯子,快手样本-关联表达,8,1,网络用语中的梯子是什么意思,与VPN/跨境网络关联不足
网络用语梯子,关联网络需求,泛需求,C,18,True,True,False,1,快手视频样本词根,网络用语梯子,快手样本-关联表达,0,1,网络用语梯子,与VPN/跨境网络关联不足
网络用语梯子是什么意思,关联网络需求,科普原理,C,17,True,True,False,1,Bing 中文联想,网络用语梯子,快手样本-关联表达,1,1,网络用语梯子是什么意思,与VPN/跨境网络关联不足
节点延迟高,关联网络需求,代理与IP,C,17,True,True,False,1,Google/YouTube 联想,加速器延迟高,快手样本-加速器,1,1,节点延迟高,与VPN/跨境网络关联不足
苹果手机卡顿反应慢怎么办,关联网络需求,配置排障,C,17,True,False,False,1,Google/YouTube 联想,海外网络卡顿,快手样本-海外访问,1,1,苹果手机卡顿反应慢怎么办,与VPN/跨境网络关联不足
荒野乱斗兑换码.cn,关联网络需求,泛需求,C,14,True,False,False,1,Bing 中文联想,荒野乱斗国际服加速器,快手样本-游戏加速,4,1,荒野乱斗兑换码.cn,与VPN/跨境网络关联不足
萨安飒迩,关联网络需求,泛需求,C,5,False,False,False,1,百度联想,sase,企业办公,10,1,萨安飒迩,与VPN/跨境网络关联不足
萨森比迈,关联网络需求,泛需求,C,7,False,False,False,1,Google/YouTube 联想,sase,企业办公,6,1,萨森比迈,与VPN/跨境网络关联不足
萨瑟,关联网络需求,泛需求,C,8,False,False,False,1,百度联想,sase,企业办公,5,1,萨瑟,与VPN/跨境网络关联不足
萨瑟兰,关联网络需求,泛需求,C,22,False,False,False,4,Bing 中文联想、Google Web 联想、Google/YouTube 联想、百度联想,sase,企业办公,6,4,萨瑟兰,与VPN/跨境网络关联不足
萨瑟兰dia,关联网络需求,泛需求,C,5,False,False,False,1,Google/YouTube 联想,sase,企业办公,8,1,萨瑟兰 dia,与VPN/跨境网络关联不足
萨瑟利尔庄园在哪,关联网络需求,泛需求,C,14,True,False,False,1,Bing 中文联想,sase,企业办公,4,1,萨瑟利尔庄园在哪,与VPN/跨境网络关联不足
萨瑟利尔庄园的宴会邀请函,关联网络需求,泛需求,C,11,True,False,False,1,Bing 中文联想,sase,企业办公,7,1,萨瑟利尔庄园的宴会邀请函,与VPN/跨境网络关联不足
萨瑟利尔的聚会,关联网络需求,泛需求,C,21,True,False,False,2,Bing 中文联想、Google Web 联想,sase,企业办公,2,2,萨瑟利尔的聚会,与VPN/跨境网络关联不足
萨瑟利尔的聚会上保卫符文石,关联网络需求,泛需求,C,10,True,False,False,1,Bing 中文联想,sase,企业办公,12,1,萨瑟利尔的聚会上保卫符文石,与VPN/跨境网络关联不足
萨瑟利尔聚会,关联网络需求,泛需求,C,10,True,False,False,1,Bing 中文联想,sase,企业办公,11,1,萨瑟利尔聚会,与VPN/跨境网络关联不足
萨瑟恩,关联网络需求,泛需求,C,8,False,False,False,1,Bing 中文联想,sase,企业办公,5,1,萨瑟恩,与VPN/跨境网络关联不足
萨索尔,关联网络需求,泛需求,C,5,False,False,False,1,Google Web 联想,sase,企业办公,9,1,萨索尔,与VPN/跨境网络关联不足
行政处罚决定的事实、理由及依据,关联网络需求,泛需求,C,11,True,False,False,1,Bing 中文联想,vpn行政处罚,快手样本-VPN法律,7,1,行政处罚决定的事实、理由及依据,与VPN/跨境网络关联不足
行政许可、行政处罚决定信息应当,关联网络需求,泛需求,C,10,True,False,False,1,Bing 中文联想,vpn行政处罚,快手样本-VPN法律,12,1,行政许可、行政处罚决定信息应当,与VPN/跨境网络关联不足
远程办公兼职,企业网络,企业办公,C,12,True,False,False,1,Bing 中文联想,远程办公vpn,企业办公,6,1,远程办公兼职,与VPN/跨境网络关联不足
远程办公招聘,企业网络,企业办公,C,13,True,False,False,1,Bing 中文联想,远程办公vpn,企业办公,5,1,远程办公 招聘,与VPN/跨境网络关联不足
远程办公的工作,企业网络,企业办公,C,10,True,False,False,1,Bing 中文联想,远程办公vpn,企业办公,9,1,远程办公的工作,与VPN/跨境网络关联不足
远程办公英文,企业网络,企业办公,C,10,True,False,False,1,Bing 中文联想,远程办公vpn,企业办公,8,1,远程办公英文,与VPN/跨境网络关联不足
远程办公软件哪个好用,企业网络,企业办公,C,14,True,False,False,1,Bing 中文联想,远程办公vpn,企业办公,4,1,远程办公软件哪个好用,与VPN/跨境网络关联不足
远程办公靠谱吗,企业网络,企业办公,C,11,True,False,False,1,Bing 中文联想,远程办公vpn,企业办公,7,1,远程办公靠谱吗,与VPN/跨境网络关联不足
闲置宽带,关联网络需求,泛需求,C,11,False,False,False,1,Google/YouTube 联想,随身无线宽带,快手样本-移动网络,2,1,闲置宽带,与VPN/跨境网络关联不足
限制区游戏,游戏加速,游戏娱乐,C,3,True,False,False,1,百度联想,国区限制,快手样本-海外访问,5,1,限制区游戏,与VPN/跨境网络关联不足
静态ipv6,关联网络需求,代理与IP,C,5,False,False,False,1,Bing 中文联想,静态ip,代理IP,11,1,静态ipv6,与VPN/跨境网络关联不足
高品港中深,关联网络需求,泛需求,C,10,True,False,False,1,Google Web 联想,高ping,快手样本-网络排障,10,1,高品 港中深,与VPN/跨境网络关联不足
高坪,关联网络需求,泛需求,C,11,False,False,False,1,百度联想,高ping,快手样本-网络排障,2,1,高坪,与VPN/跨境网络关联不足
高坪区人民医院,关联网络需求,泛需求,C,10,True,False,False,1,Bing 中文联想,高ping,快手样本-网络排障,10,1,高坪区人民医院,与VPN/跨境网络关联不足
高坪区人民政府,关联网络需求,泛需求,C,13,True,False,False,1,Bing 中文联想,高ping,快手样本-网络排障,5,1,高坪区人民政府,与VPN/跨境网络关联不足
高坪区人民政府官网,关联网络需求,泛需求,C,10,True,False,False,1,Bing 中文联想,高ping,快手样本-网络排障,12,1,高坪区人民政府官网,与VPN/跨境网络关联不足
高坪区属于哪个市,关联网络需求,泛需求,C,10,True,False,False,1,百度联想,高ping,快手样本-网络排障,10,1,高坪区属于哪个市,与VPN/跨境网络关联不足
高坪机场,关联网络需求,泛需求,C,5,False,True,False,1,百度联想,高ping,快手样本-网络排障,8,1,高坪机场,与VPN/跨境网络关联不足
高平,关联网络需求,泛需求,C,22,False,False,False,3,Bing 中文联想、Google Web 联想、Google/YouTube 联想,高ping,快手样本-网络排障,1,3,高平,与VPN/跨境网络关联不足
高平之战,关联网络需求,泛需求,C,18,False,False,False,3,Bing 中文联想、Google Web 联想、Google/YouTube 联想,高ping,快手样本-网络排障,5,3,高平之战,与VPN/跨境网络关联不足
高平天气,关联网络需求,泛需求,C,14,False,False,False,2,Bing 中文联想、百度联想,高ping,快手样本-网络排障,4,2,高平天气,与VPN/跨境网络关联不足
高平天气预报,关联网络需求,泛需求,C,10,True,False,False,1,Bing 中文联想,高ping,快手样本-网络排障,11,1,高平天气预报,与VPN/跨境网络关联不足
高平市,关联网络需求,泛需求,C,25,False,False,False,4,Bing 中文联想、Google Web 联想、Google/YouTube 联想、百度联想,高ping,快手样本-网络排障,3,4,高平市,与VPN/跨境网络关联不足
高平市人民政府网,关联网络需求,泛需求,C,10,True,False,False,1,Bing 中文联想,高ping,快手样本-网络排障,9,1,高平市人民政府网,与VPN/跨境网络关联不足
高平市属于哪个市,关联网络需求,泛需求,C,10,True,False,False,1,Bing 中文联想,高ping,快手样本-网络排障,8,1,高平市属于哪个市,与VPN/跨境网络关联不足
高平市属于山西省哪个市,关联网络需求,泛需求,C,10,True,False,False,1,百度联想,高ping,快手样本-网络排障,9,1,高平市属于山西省哪个市,与VPN/跨境网络关联不足
高平战役,关联网络需求,泛需求,C,14,False,False,False,2,Google Web 联想、Google/YouTube 联想,高ping,快手样本-网络排障,4,2,高平战役,与VPN/跨境网络关联不足
高平省,关联网络需求,泛需求,C,6,False,False,False,1,Google Web 联想,高ping,快手样本-网络排障,7,1,高平省,与VPN/跨境网络关联不足
高平铁佛寺,关联网络需求,泛需求,C,12,True,False,False,1,Google Web 联想,高ping,快手样本-网络排障,6,1,高平铁佛寺,与VPN/跨境网络关联不足
高平陵,关联网络需求,泛需求,C,15,False,False,False,2,Google Web 联想、Google/YouTube 联想,高ping,快手样本-网络排障,3,2,高平陵,与VPN/跨境网络关联不足
高平陵之变,关联网络需求,泛需求,C,32,True,False,False,4,Bing 中文联想、Google Web 联想、Google/YouTube 联想、百度联想,高ping,快手样本-网络排障,1,4,高平陵之变,与VPN/跨境网络关联不足
高萍,关联网络需求,泛需求,C,8,False,False,False,1,百度联想,高ping,快手样本-网络排障,5,1,高萍,与VPN/跨境网络关联不足
高评分电影,关联网络需求,泛需求,C,16,True,False,False,2,Bing 中文联想、Google/YouTube 联想,高ping,快手样本-网络排障,7,2,高评分电影,与VPN/跨境网络关联不足
高评分短剧,关联网络需求,泛需求,C,10,True,False,False,1,Google/YouTube 联想,高ping,快手样本-网络排障,9,1,高评分短剧,与VPN/跨境网络关联不足
高评高贷,关联网络需求,泛需求,C,10,False,False,False,2,Google Web 联想、Google/YouTube 联想,高ping,快手样本-网络排障,8,2,高评高贷,与VPN/跨境网络关联不足
高评高贷违法吗,关联网络需求,泛需求,C,15,True,False,False,1,百度联想,高ping,快手样本-网络排障,3,1,高评高贷违法吗,与VPN/跨境网络关联不足
高频感应加热机,关联网络需求,泛需求,C,10,True,False,False,1,Google/YouTube 联想,高ping,快手样本-网络排障,10,1,高频感应加热机,与VPN/跨境网络关联不足
鸣潮国际服下载加速,网络加速,下载安装,C,16,True,False,False,1,Bing 中文联想,国际服下载加速,快手样本-游戏加速,2,1,鸣潮国际服下载加速,与VPN/跨境网络关联不足
https://www.tiktok.com/进不去,跨境与海外网络,跨境外贸,B,56,True,False,False,1,Bing 中文联想,tiktok网络环境异常,快手样本-跨境平台,4,1,https://www.tiktok.com/进不去,异常长度或URL
https://www.tiktok.com怎么打开,跨境与海外网络,跨境外贸,C,52,True,False,False,1,Bing 中文联想,tiktok无网络连接怎么办,二级扩展,10,1,https://www.tiktok.com怎么打开,异常长度或URL
ip-vpn インターネット,VPN核心,代理与IP,B,61,False,False,False,1,Bing 中文联想,独立ip vpn,二级扩展,7,1,ip-vpn インターネット,日文地区噪声
ip-vpn インターネットvpn,VPN核心,代理与IP,B,65,True,False,False,1,Bing 中文联想,独立ip vpn,二级扩展,10,1,ip-vpn インターネットvpn,日文地区噪声
ip-vpnとインターネットvpn,VPN核心,代理与IP,B,65,True,False,False,1,Bing 中文联想,独立ip vpn,二级扩展,9,1,ip-vpnとインターネットvpn,日文地区噪声
海外iphone simロック解除,跨境与海外网络,跨境外贸,C,52,True,False,False,1,Google Web 联想,海外iphone,二级扩展,9,1,海外iphone simロック解除,日文地区噪声
海外iphone カメラ音,跨境与海外网络,跨境外贸,C,52,True,False,False,1,Google Web 联想,海外iphone,二级扩展,10,1,海外iphone カメラ音,日文地区噪声
海外iphone シャッター音,跨境与海外网络,跨境外贸,B,62,True,False,False,2,Google Web 联想、Google/YouTube 联想,海外ip、海外iphone,二级扩展、代理IP,3,3,海外iphone シャッター音,日文地区噪声
海外iphone技適マーク,跨境与海外网络,跨境外贸,C,54,True,False,False,1,Google Web 联想,海外iphone,二级扩展,6,1,海外iphone 技適マーク,日文地区噪声
海外iphone日本で使う,跨境与海外网络,跨境外贸,C,52,True,False,False,1,Bing 中文联想,海外iphone,二级扩展,11,1,海外iphone 日本で使う,日文地区噪声
海外iphone日本で使用,跨境与海外网络,跨境外贸,C,52,True,False,False,1,Bing 中文联想,海外iphone,二级扩展,12,1,海外iphone 日本で使用,日文地区噪声
海外ipとは,跨境与海外网络,跨境外贸,A,81,False,False,False,1,Bing 中文联想,海外ip,代理IP,12,1,海外ipとは,日文地区噪声
海外ipアドレス,跨境与海外网络,跨境外贸,A,81,False,False,False,1,Bing 中文联想,海外ip,代理IP,11,1,海外ipアドレス,日文地区噪声
